name,url
VAPE IT STORE II,https://jportal.mdcourts.gov/license/pbLicenseDetail.jsp?owi=xXrTp8Tn8lw%3D
VAPE IT STORE I,https://jportal.mdcourts.gov/license/pbLicenseDetail.jsp?owi=TOxJoPFVdus%3D
VAPEPAD THE,https://jportal.mdcourts.gov/license/pbLicenseDetail.jsp?owi=F%2Bi8c%2BIOk%2B0%3D
VAPE FROG,Pending
VAPE FROG,Pending
VAPE LOFT THE,https://jportal.mdcourts.gov/license/pbLicenseDetail.jsp?owi=GRQwE7snHsM%3D
VAPE N CIGAR,https://jportal.mdcourts.gov/license/pbLicenseDetail.jsp?owi=cGWfwh%2FBPTg%3D
VAPE DOJO,https://jportal.mdcourts.gov/license/pbLicenseDetail.jsp?owi=LBmOKTMmxj8%3D
VAPE HAVEN,Pending
VAPORS LOUNGE,Pending
VAPORFI SOUTHSIDE,https://jportal.mdcourts.gov/license/pbLicenseDetail.jsp?owi=5Epx0pcgKZk%3D
VAPE DO JO,https://jportal.mdcourts.gov/license/pbLicenseDetail.jsp?owi=%2B%2FiBORz1qYU%3D
VAPERTETMD,Pending
VAPERTEKMD,https://jportal.mdcourts.gov/license/pbLicenseDetail.jsp?owi=%2FCljLxsx2Vc%3D
VAPORIOT,Pending
VAPE PLUS,https://jportal.mdcourts.gov/license/pbLicenseDetail.jsp?owi=oPsGpC%2BOpug%3D
VAPE SOCIAL,https://jportal.mdcourts.gov/license/pbLicenseDetail.jsp?owi=IEZEyLdnv7I%3D
VAPE JUNGLE,https://jportal.mdcourts.gov/license/pbLicenseDetail.jsp?owi=afZqn1fgAmE%3D
VAPE TIME,Pending
VAPEBAR EXPESS,Pending
VAPEWERKS,https://jportal.mdcourts.gov/license/pbLicenseDetail.jsp?owi=d5WsoktkbCg%3D
VAPIST MD,https://jportal.mdcourts.gov/license/pbLicenseDetail.jsp?owi=aKdU2u6KpRw%3D
VAPOR 99,Pending
VAPOR ALLEY,https://jportal.mdcourts.gov/license/pbLicenseDetail.jsp?owi=4NKr82vCiPU%3D
VAPOR EMPORIUM,https://jportal.mdcourts.gov/license/pbLicenseDetail.jsp?owi=zpiWHkDlg78%3D
VAPOR VILLA,https://jportal.mdcourts.gov/license/pbLicenseDetail.jsp?owi=wGgGNsowJFM%3D
VAPOR VILLA,https://jportal.mdcourts.gov/license/pbLicenseDetail.jsp?owi=XBVqi%2FSQGmE%3D
VAPORS LOUNGE,https://jportal.mdcourts.gov/license/pbLicenseDetail.jsp?owi=ZkegudAFF%2BY%3D
VAPE DOJO,https://jportal.mdcourts.gov/license/pbLicenseDetail.jsp?owi=fCPJ9tgt%2B4g%3D
VAPE DOJO,https://jportal.mdcourts.gov/license/pbLicenseDetail.jsp?owi=sEn8jnPp91M%3D
VAPE DOJO,https://jportal.mdcourts.gov/license/pbLicenseDetail.jsp?owi=cyJYuvLVFdk%3D
VAPE DOJO,https://jportal.mdcourts.gov/license/pbLicenseDetail.jsp?owi=Ey6y%2FbFI4%2BE%3D
VAPEZ YARDHOUSE,Pending
VAPERS RING,https://jportal.mdcourts.gov/license/pbLicenseDetail.jsp?owi=zqNRjOmHgCc%3D
